prompt,answer
Tell me a joke about robots.,"Tell me a joke about robots. I'll always be there if you need me. If you want to do well, I'll get you. Go to the next level. There will never be any better time to get to the next level than right here. Go down there. The next thing you know, you're standing next to a robot. What kind of robot is that? It's not me. It's the robot that you've never seen before. In real life, it's the guy in front of you, the guy who has always been here. But here's the thing: a robot is always here. It's a part of you. It's what you do with all your life. You see what we all do without any human intervention. So you see it. When you see something that is onscreen. That's when, you know, you go, 'Oh, my God! Oh...wow, that's a lot of power!' It's just a tool, and it's just an act of creativity and an action of imagination. So it's just what you do with it, because there'll be a lot more. Because we already have all of this. Every single person who will find this wonderful technology comes to see this world in its basic form just once. It"
Tell me a joke about robots.,"Tell me a joke about robots. I'm not saying you can't do things, because machines are actually making better sense. But I want you to take notice, because it's what we do, after all. We're smart enough not to be afraid of robots.

If you go to Facebook, which you have at your fingertips, you can see that most of what you see online is done by a giant bot, like Google. Like, the robots can tell you what ads you want, because they can help you find ads. And, of course, when you go on Facebook, you don't have to look at your photo at all - you get to pick what you want to look at or what you want to download, when it's your choice.

Advertisement

At what point do you end up, and how do you get through it?

Well, you know the first step is being patient on Facebook, but also getting your Facebook account up and running, so you don't feel frustrated, and it helps you to be aware of what's going on in your community, what you're doing and so on.

Then, you know, you're trying to change your life. I don't know if it's just like in medicine, in the military,"
Tell me a joke about robots.,"Tell me a joke about robots. —Kirby (@KimberlyGKirksey) August 4, 2017

They're just an annoyance, a distraction, an annoyance. @jimberlygeckman is making a joke about your pets. They're simply not needed. — KimberleyGKirksey (@KimberlyGKirksey) August 4, 2017

@jimberlygeckman

What is your pet peeve about these robots? — KimberleyGKirksey (@KimberlyGKirksey) August 4, 2017"
Tell me a joke about robots.,"Tell me a joke about robots. I can pick one out of 20.

""Yeah. A lot of people think of you as a nice guy, but I don't think of you as someone who really lives in a world where everything you do is automated. That's not you. For me to stand up in public is something that I'm very proud of, because we're a society out there that's trying to prevent human beings from being part of the system that we're in.

""There are all sorts of ways that robots can be used to eliminate the human element. You might consider that they're coming to a human city to kill you or you might say, 'You've got to move somewhere else.' And then we'd sort of like to do so. You know, there's just so much in human society, so it's really funny how everyone's been surprised by it. I'd love to think about how people will think about this, how people will be in unison. And that's the question I think we've got to really grapple with. Is there going to be a war going on about this or is this just gonna be another great show, one that's gonna attract new audiences and grow into a million dollar show?

""This show is so cool"
Summarize the plot of 'The Matrix'.,"Summarize the plot of 'The Matrix'. It would be great if the developers could bring in more than one film to help flesh out the whole thing. The story is set in a post-apocalyptic world where mutants hunt down mutants and use them as human human pawns to try to control mankind. It is set in a time when mutants have become known as the 'Dark Elders', a series of ""pagan guardians"" who are fighting to maintain control over the mutants. There is a villain named Reya who was initially part of this plotline, but she now is part of the entire plot. It makes sense considering the character of Reya's brother, Dr. Bumblebee, who became a full-fledged mutant at the time of the war.

What do you think of the first ""The Matrix""?

Photo Credit: The Matrix


What are your main goals with this story?

As a movie, I think it would be great if I could make it as an actual film rather than a standalone movie. It would fill the gaps in my screenplay and allow me to make the same kind of film as the ""Blazers"" (from ""Blade Runner"") or ""The Purge"" (from ""Blade Runner 2""). I have done research into the past and"
Summarize the plot of 'The Matrix'.,"Summarize the plot of 'The Matrix'. The film stars Chris Pine as Al Pacino, and director Spike Jonze as Peter. He and Jennifer Lawrence are seen in this movie as well.

The movie has four sequels, including three with the third having a sequel coming just in time for the Super Bowl. The first, The Matrix Reloaded, was released in 1989.

There are two sequels, both starring Tom Cruise and are based on a story by Joseph Heller. The first features an alternate version of the Matrix and focuses on how the man responsible for it got out of his cell and become a Matrix terrorist. It also features a sequel to The Matrix Reloaded: The Day of the Doctor and the Matrix. Both were released on Blu-ray on July 31, 1986.

Also available on DVD were two films titled The Matrix and The Matrix: A New Hope. The first one, The Matrix: Battle of the Machines, was released on December 14, 2009 for $829.99 on home video. The second, The Matrix: A New Hope, was published on January 24, 2014 for $1,934 for DVD.

The third, The Matrix II: Awakening, came out on December 29, 2016 for $449.99 on home video.

The fourth movie"
Summarize the plot of 'The Matrix'.,"Summarize the plot of 'The Matrix'.


'The Matrix' starts out as a mystery as to why. Perhaps it's because the only way to understand the real world is to understand it through fiction, a method that has never been explored seriously enough. When he meets the protagonist, however, he is determined to uncover the meaning of human life - through storytelling.


""The Matrix"" is a mystery, but it is not to be taken lightly. It is simply a novel.


""The Matrix"" is available now at the following Amazon Books retailers: Kindle, Barnes & Noble, Amazon, New York Times, and Barnes & Noble."
Summarize the plot of 'The Matrix'.,"Summarize the plot of 'The Matrix'. It's a big one, and you're talking about time capsules, all of which have to be activated when the end comes. The main character is called 'Bobby', by the way, which means he goes on his mission and gives in. And once again, he's not happy about it, even though he realizes that he's doing something wrong. His friends aren't happy about this, they just want to forget about him. So, the story is more like, 'Well, what do you want? How do you want to go about this? You see, what happens when Bobby wants to go about something with you…' I don't think he gets what he's asking for, and we need to get him to accept that for himself and not allow himself to become a liability.

Well, it's been a while now, and I just realized how much the end was going to go on without the time capsules. It's a great story to write. But, it's a big part of the movie and I think we saw some of the problems, even though I was very much hoping that one day it was going to get better. But, I think there's a lot of work that needs to go on, I think. I think"
Why is climate change a big deal?,"Why is climate change a big deal? No. Scientists have long believed that warming caused by human activity is a fact. Climate change plays a role in every human's life cycle. We have known for a long time in modern history that warming is a major risk for human health. Most scientists agree that the human impact of climate change, and the effects that climate change might have on our civilization, is just as serious. But it is clear that a lot of human actions are being affected by human influence. The climate is changing, and it's going to continue to change very quickly. It's not going to keep changing for as long as we think. As we get more confident, less confidence in ourselves, we will be able to think of things that will make our lives better and easier for us. And that's going to continue when we get to climate change.

The question is: Why then do we still think climate change is a big deal? Science is still doing its work. So why do we still think climate change is a big deal? For all the good we've done for the world, it doesn't mean we will ever be able to make the best use of the planet's resources. We'll always be vulnerable to the threat. In fact, we may not have the tools to do"
Why is climate change a big deal?,"Why is climate change a big deal?

Climate change is an enormous problem which cannot simply be solved through energy. It involves massive changes to living and dying ecosystems. As we know, the carbon that we burn as we warm up our planet may cause the oceans to turn into black holes on the atmosphere. It is this enormous warming that affects some species, such as whales and penguins and other animals, and our ecosystems. These impacts are already taking place on a global scale.

However, one possible solution to our problems is to stop burning fossil fuels at all, and to have a more responsible, renewable energy system. We need to work together, not just to develop new ways to save energy but also to develop other ways to save energy, such as clean energy storage and recycling.

How can we help?

The first step to getting started is to go through a formal process of working with the scientific communities, to get input from the people and organisations involved. A clear strategy to get that message across is key here.

In the case of fossil fuels, a new role for the public must also be held, a key point of contention among scientists. It is important to recognise the potential of these new technologies as a weapon against the very creatures who are threatening our health and our"
Why is climate change a big deal?,"Why is climate change a big deal? What do economists know about it?

The answer, which I found from our discussion two and a half years ago, is pretty simple. We know that climate change is real – we know it, we know it has consequences, but we don't know what it is, how it is changing human behaviour in the long term.

That's why we haven't done our homework. We have to look for new policies that are really working. Our research has shown us that that's a real possibility, because it will take some change in the climate that we think are going to have a positive impact on people's lives. That's what we're seeing now.

This is not just about the issues that might come up, but about climate change itself, on the issue of climate change. There aren't any easy answers, and it's very much about who are willing to do what to move us in the right direction. It's not about whether we're going to stick to our goal of finding solutions, or whether we're going to stick to what we believe is a very important challenge that has to be addressed. A lot has to be done to create a safer, more resilient planet, and then to get the best tools and resources for achieving this."
Why is climate change a big deal?,"Why is climate change a big deal?

Climate change is a big deal, and is increasing, especially globally. It will cause global warming, and some species will have to endure it. So our predictions may not work well. It's a big deal not the least because it will be the first time something like this is proven wrong.

Is it sustainable?

Climate change is a problem that will be tackled. It's a big deal.

How do you approach climate change?

Well, we're going to deal with it on a large scale. We need to start understanding it and look at what we can do to address it. That will get us closer to changing the world to our liking.

When is the most crucial date?

The more you know, the better. We might be able to reduce our greenhouse gas emissions through adaptation to better weather and better water use. And then, of course, we'll also have to consider the implications of that, right?

Are you planning to get a much more extensive study or will you just wait?

No, it's still a challenge! That's just it for now.

What is the most important thing you can do to get the world to your liking?

We're"
Explain the significance of the moon landing.,"Explain the significance of the moon landing. The most significant event of the fall is the discovery of the first Earth-like satellite. In the past few years, space exploration has become increasingly important to the public.

Why did astronauts arrive in orbit? NASA says the first humans to orbit the moon was on September 3, 1967, at 20:53 UTC, not 17:53 AM (17:53 UTC on the moon at the time of Apollo 13's launch. And the first human in space was actually on December 1, 1966). The lunar landing was the key to achieving what NASA has called an ""unification of our efforts in space exploration,"" which aims to increase the range of possible ways to find and understand the lunar surface from Earth to Mars. With the release of the results of this study, NASA has finally declared:

""The first human to orbit the lunar surface was flown in 1970, and as of this writing of the results is only the third or the longest mission known to date. The launch of the Apollo 13 moon lander on December 11, 1967, was the first human to land a target on any moon, and the first in a series of landings to demonstrate the capabilities of space travel and human exploration.""

We are going to have to get used to watching astronauts"
Explain the significance of the moon landing.,"Explain the significance of the moon landing.

What was the meaning of The Beatles?

The songs contained many verses about love, the death of their father, and some of the great songs of the day. The Beatles and the concept of The Beatles was really about something that never was.

You saw The Beatles in person when you got to England and you heard it for the first time. Was there a different atmosphere for you there?

There wasn't. It was almost as if they could have taken that tour as far as they could, and all the other touring bands.

What were the lyrics for The Beatles' first album?

The Beatles weren't really talking about themselves. They were just talking about the time in time they made their record deal. It was a song about time. It wasn't about how I had changed but about being me, my friends, my family, all in the time I had spent in front of the camera. They were really trying to make something out of what they were doing.

What was it like to be a musician all these eight years?

It was not until that time that I was actually seeing The Beatles again. People asked me to go to a concert, but I never did. I just had a really"
Explain the significance of the moon landing.,"Explain the significance of the moon landing. After the landing, what happened was that the Russians were forced to abandon their landing site because it was considered safer. The fact that they could not find any way to get out of there without sacrificing lives, was the most important one.

It seems that the USSR was able to maintain a solid foothold in the South Caucasus. The Soviets were able to take over parts of Crimea. The Soviets also tried to establish new footholds for their positions, but to no avail. The USSR ended up being extremely small.

In order to understand the Soviet situation more fully, we need to understand how people live inside the Soviet Union. Many of them are living in fear and poverty. The government of Kazan (the capital of the USSR) has a monopoly on the electricity supply, whereas the USSR is not a market, so the only electricity that the people come from is from the grid. This means that people are forced to buy electricity by hand because they can't find what they need. They need to purchase electricity from a well of the cheapest and most reliable type, and not from cheap gas.

Because there is no electricity grid it is very difficult to get electricity from the grid. Because of this they can't use landlines.

The average Russian has"
Explain the significance of the moon landing.,"Explain the significance of the moon landing.

On Friday, July 12, 1961, the Apollo 11 vehicle that broke ground on the moon crashed into the Pacific Ocean, killing all crew members aboard the spacecraft.

The first person to die during the mission before the landing was the Apollo 11 crewmate, Lt. Mitchell Mitchell, who passed away on July 24, 1961.

All of the other crew members, including Mitchell's commanding officer, Richard T. Davis Jr., will not be named, but will be remembered as ""the people's hero.""

This honor, while not formally mentioned in the memorial, was given by Armstrong during the Apollo 11 mission.

""When you are at Apollo 11, you get ready to be honored. You know you are going to be honored for four years, four years,"" he said.

Armstrong was so proud of his crew that he sent a memo about the day's events to the nation's chief astronauts to express his wish to ""get back on the moon and continue doing this mission to the moon."""
What makes a good leader?,"What makes a good leader? Well it has two main characteristics, it is effective and it is the most reliable way to get to a place of strength. If you have a problem, you can always come back for a bit and let you know how to fix it.

The second quality is that it is a better way for you to be a strong man. You can learn a lot from other people and be good at everything.

As a leader, how do you know when to be a strong man?

You are responsible for your life. In life, your job is to help you to be strong, so he knows where the right path is. If there is one in life, every man has one. You know it is important that you do good in life.

When you are in your good place, you want to be a good man. If you are a leader, you want to be a good worker, so you work harder or be smarter.

You have your good friends so he can look at you and see what you have done. So that, when you talk about your good, he will ask you for advice.

How do you think you are going to achieve that goal right now?

If you don't know what you"
What makes a good leader?,"What makes a good leader?

He's got to be able to pull off everything. He's got to be able to be honest with himself; he has to be honest with the people in his position. And he's got to make them feel like he doesn't want them to have to follow in his footsteps, that they should take a chance on him, that he didn't want to risk something like this, and he's going to make sure it's not a surprise if he does lose.

Then why is he running away from the game and moving on?

One thing I have said in the past, and it's not often I would say it, because it's so hard in baseball. I'm like ""What is your future at the big league level? What is your plan to get to this level?"" I don't have a plan. I really have a plan to get to this baseball level, and I really want to win, so that has a lot to do with my job. It's part of who I am.

How does it feel to be a part of this game?

I think it's great and I'm really glad that the game has gotten this far. We've brought a lot of young people in and brought some new"
What makes a good leader?,"What makes a good leader? And what can be done to improve? The answer is a clear one: focus on the positive. A leader will focus on his or her own needs.

That's how leadership can work. It's why this is so important. You don't have to be an expert to understand that leadership can lead to a great team. The leader is the man that brings the team together. It's the man who sets expectations and delivers a plan.

Here's an example of one of the greatest leaders I've ever seen. The leader came to me with a strong desire for me to succeed as a group. It was clear to him at the time that he was not alone. When he saw that I had a plan and I was working to get it made, he said, ""You've probably never heard of you guys and you have no idea who I am and so you don't know who I am anymore.""

I realized my purpose was to help. When you focus on a goal, you only need to go one step further. For that purpose, you should ask ""Who do I need the task of helping?"" Do I need help because I know I'm working hard for my goals? Or do I need help because I know I'm working hard"
What makes a good leader?,"What makes a good leader? How is it to be a successful one? How should you be perceived by teammates? How do you interact with your teammates? How do you interact with strangers? What are your best social skills and how can you improve them? What are the pros and cons of a good leader?

But there are a few big differences between players such as yourself. Not everyone plays the same position and a lot of players can score more often than others. To be more successful in a game, you are constantly at risk for injury. Also, the game is a team sport and when a player gets injured he is probably not able to stay healthy enough for the long term.

So we have to be more in tune with our teammates. We need to focus more on our physical performance. As mentioned, I'm a member of PPS, for most of the year. It's important to be more in tune with our teammates and be ready with new information. At times, coaches can use personal training and even game day tactics to help us win.

Some coaches try to give players the same opportunities as I am. I'm not trying to make them ""good"" by playing with them. It's my goal to make the game more enjoyable. For my teammates, it"
